Student_ID,Roll_Number,Department,Year,Semester,Gender,Admission_Date,Marks,Attendance_Percentage,Fees_Paid
1,STU0001,ECE,2,3,Male,2023-10-17,47,61,86048
2,STU0002,CIVIL,4,1,Male,2023-11-24,87,94,61395
3,STU0003,CIVIL,1,4,Female,2022-04-06,53,74,116237
4,STU0004,AIML,1,3,Female,2022-08-14,68,97,86463
5,STU0005,AIML,3,2,Male,2022-12-15,57,69,78221
6,STU0006,CIVIL,3,1,Female,2023-01-25,46,82,95082
7,STU0007,CIVIL,3,6,Male,2023-07-04,47,84,60328
8,STU0008,AIML,3,2,Male,2023-12-23,44,62,79871
9,STU0009,MECH,3,3,Female,2024-06-06,46,84,86434
10,STU0010,CIVIL,2,4,Male,2022-12-30,53,77,59358
11,STU0011,IT,3,1,Male,2023-04-19,64,77,78785
12,STU0012,EEE,1,4,Female,2024-04-21,42,80,102581
13,STU0013,IT,4,3,Female,2022-08-06,81,91,101856
14,STU0014,IT,4,7,Female,2022-05-23,55,95,84438
15,STU0015,CSE,1,2,Male,2022-08-13,48,92,114686
16,STU0016,MECH,4,8,Female,2023-10-05,50,87,58326
17,STU0017,IT,3,6,Male,2024-09-21,75,60,65014
18,STU0018,CSE,3,3,Male,2022-10-28,67,70,109470
19,STU0019,CIVIL,2,3,Female,2024-06-10,80,79,116540
20,STU0020,CSE,3,8,Male,2024-02-20,50,94,119514
21,STU0021,ECE,1,4,Male,2022-04-25,99,83,90306
22,STU0022,AIML,2,3,Female,2022-03-29,86,91,59071
23,STU0023,CIVIL,4,4,Male,2024-08-27,75,70,84741
24,STU0024,MECH,4,2,Male,2024-01-01,59,85,98944
25,STU0025,CIVIL,2,4,Male,2022-08-19,44,81,52757
26,STU0026,ECE,1,1,Female,2022-03-14,85,100,57716
27,STU0027,IT,4,4,Male,2022-03-14,72,75,86500
28,STU0028,ECE,4,7,Male,2024-01-11,99,96,111953
29,STU0029,MECH,4,8,Male,2022-04-07,46,87,96438
30,STU0030,MECH,3,2,Male,2023-11-21,81,66,57944
31,STU0031,ECE,4,3,Female,2022-07-16,52,94,108800
32,STU0032,AIML,1,1,Male,2023-04-19,55,64,108082
33,STU0033,MECH,4,8,Male,2024-09-19,45,75,71798
34,STU0034,MECH,1,7,Female,2024-06-04,65,63,71579
35,STU0035,MECH,4,3,Male,2024-08-06,90,89,87388
36,STU0036,IT,3,1,Male,2022-10-31,53,63,57989
37,STU0037,ECE,1,2,Male,2023-08-22,70,92,119615
38,STU0038,MECH,1,4,Male,2022-03-12,78,64,80828
39,STU0039,EEE,3,4,Female,2023-09-27,45,86,118522
40,STU0040,IT,3,8,Female,2022-09-02,56,85,67154
41,STU0041,MECH,1,2,Male,2024-08-09,88,64,51220
42,STU0042,CSE,2,6,Female,2023-06-03,56,68,95745
43,STU0043,CIVIL,1,5,Male,2022-06-11,68,94,89651
44,STU0044,CSE,1,3,Female,2024-08-19,96,68,84664
45,STU0045,ECE,3,8,Female,2022-10-16,78,73,94942
46,STU0046,IT,4,5,Male,2024-07-16,98,63,62097
47,STU0047,ECE,4,7,Male,2022-01-04,61,68,84335
48,STU0048,AIML,3,3,Female,2022-04-25,44,69,54722
49,STU0049,AIML,1,6,Male,2022-05-11,42,79,97795
50,STU0050,AIML,4,3,Male,2023-11-30,55,66,96357
51,STU0051,CSE,2,6,Female,2024-06-04,50,71,104040
52,STU0052,ECE,1,7,Male,2024-04-01,82,75,84970
53,STU0053,AIML,4,6,Female,2024-05-29,70,74,76158
54,STU0054,CSE,2,7,Female,2024-04-20,90,74,79219
55,STU0055,EEE,4,6,Male,2022-10-13,95,64,86585
56,STU0056,CIVIL,3,1,Male,2022-04-29,96,76,73405
57,STU0057,MECH,1,7,Male,2023-09-03,67,82,91114
58,STU0058,CIVIL,2,6,Female,2022-09-18,42,87,50221
59,STU0059,IT,1,5,Female,2022-03-13,100,81,91145
60,STU0060,IT,3,3,Male,2023-11-14,66,80,102743
61,STU0061,CIVIL,3,7,Male,2023-03-07,82,84,72810
62,STU0062,AIML,3,8,Female,2022-11-08,58,73,106346
63,STU0063,MECH,2,2,Female,2023-03-29,83,73,117000
64,STU0064,CSE,2,5,Male,2023-06-12,82,100,93933
65,STU0065,CSE,2,8,Male,2024-04-05,52,69,53201
66,STU0066,IT,4,8,Female,2023-04-12,66,100,75485
67,STU0067,AIML,4,4,Male,2022-09-07,49,60,63970
68,STU0068,CSE,2,2,Female,2024-04-03,84,93,110889
69,STU0069,CIVIL,3,8,Female,2022-05-17,91,89,119616
70,STU0070,ECE,4,8,Female,2024-04-30,98,95,108446
71,STU0071,AIML,4,4,Female,2024-02-09,55,100,86347
72,STU0072,EEE,3,6,Male,2023-03-27,44,78,80735
73,STU0073,IT,2,4,Male,2022-05-22,49,74,100205
74,STU0074,MECH,1,4,Female,2023-03-01,66,81,111069
75,STU0075,AIML,4,8,Male,2023-02-03,97,97,52560
76,STU0076,AIML,4,4,Female,2024-08-23,62,79,101116
77,STU0077,CSE,4,6,Female,2022-08-13,57,87,113654
78,STU0078,CIVIL,1,7,Male,2024-01-12,50,89,66728
79,STU0079,AIML,4,3,Male,2022-03-27,81,87,67786
80,STU0080,MECH,3,6,Female,2022-09-24,64,80,77742
81,STU0081,AIML,1,8,Male,2022-10-12,88,86,83065
82,STU0082,ECE,1,1,Male,2024-02-07,74,63,95870
83,STU0083,CIVIL,2,4,Male,2024-08-30,55,72,52671
84,STU0084,MECH,3,6,Male,2023-04-30,82,67,78569
85,STU0085,EEE,1,1,Female,2023-09-13,78,67,71465
86,STU0086,IT,2,2,Male,2023-08-13,83,84,101990
87,STU0087,AIML,1,6,Female,2022-04-15,84,79,65866
88,STU0088,IT,3,1,Female,2023-11-09,63,64,116317
89,STU0089,EEE,4,3,Female,2024-04-22,71,66,106822
90,STU0090,CIVIL,4,8,Female,2022-06-30,86,93,85400
91,STU0091,EEE,2,2,Female,2024-04-25,86,97,85179
92,STU0092,CIVIL,4,6,Male,2024-06-21,68,75,110910
93,STU0093,MECH,2,6,Female,2023-05-22,94,80,73834
94,STU0094,CIVIL,1,4,Male,2022-12-15,57,98,86211
95,STU0095,CIVIL,2,8,Female,2022-09-05,86,86,114038
96,STU0096,EEE,2,7,Male,2023-04-04,90,61,62196
97,STU0097,MECH,3,7,Female,2022-11-10,82,97,98368
98,STU0098,EEE,3,4,Male,2022-12-27,84,89,85509
99,STU0099,IT,2,4,Male,2024-01-09,52,80,65670
100,STU0100,CIVIL,3,2,Male,2024-01-27,70,77,118765
101,STU0101,EEE,1,3,Female,2022-10-31,54,83,73519
102,STU0102,IT,2,8,Male,2022-02-16,43,95,88290
103,STU0103,MECH,4,8,Female,2024-06-12,40,96,87268
104,STU0104,CSE,1,7,Female,2022-07-08,43,76,112616
105,STU0105,ECE,2,5,Male,2022-03-17,76,100,57026
106,STU0106,CIVIL,2,7,Female,2022-09-12,47,95,104548
107,STU0107,EEE,1,2,Male,2024-07-19,68,79,106207
108,STU0108,ECE,2,3,Male,2023-10-03,53,76,60641
109,STU0109,IT,4,5,Male,2022-06-10,40,86,109048
110,STU0110,CSE,2,5,Male,2022-08-26,58,78,109510
111,STU0111,IT,2,5,Male,2023-03-12,47,94,79466
112,STU0112,CIVIL,3,8,Male,2022-03-15,43,70,90319
113,STU0113,EEE,4,8,Male,2023-04-25,84,79,102757
114,STU0114,CIVIL,3,1,Male,2023-09-05,42,87,92247
115,STU0115,AIML,3,1,Male,2022-08-23,83,96,52719
116,STU0116,ECE,4,8,Male,2023-04-27,73,88,86458
117,STU0117,EEE,1,3,Female,2023-04-27,62,86,93687
118,STU0118,IT,4,1,Female,2023-02-26,84,91,87777
119,STU0119,CSE,4,1,Female,2022-04-01,60,76,92372
120,STU0120,EEE,4,8,Male,2023-02-28,43,72,117952
121,STU0121,EEE,4,8,Male,2022-07-28,57,95,67172
122,STU0122,IT,2,5,Male,2022-01-30,80,98,81365
123,STU0123,AIML,1,8,Male,2023-07-20,66,65,79451
124,STU0124,IT,3,5,Female,2023-10-26,93,69,115323
125,STU0125,MECH,2,7,Male,2024-05-04,70,90,81946
126,STU0126,AIML,1,5,Female,2024-08-01,78,92,67892
127,STU0127,AIML,1,5,Female,2022-12-15,99,92,85018
128,STU0128,AIML,2,8,Female,2024-05-07,77,97,114178
129,STU0129,MECH,3,4,Male,2022-12-20,61,95,99441
130,STU0130,CSE,3,8,Female,2023-08-09,64,74,103841
131,STU0131,CSE,2,6,Male,2023-01-31,82,69,114923
132,STU0132,CIVIL,4,1,Male,2024-06-14,94,88,63069
133,STU0133,MECH,3,6,Female,2023-02-24,95,69,59807
134,STU0134,MECH,3,8,Male,2023-10-28,45,81,119942
135,STU0135,ECE,1,7,Male,2023-09-25,44,75,87667
136,STU0136,ECE,3,1,Male,2024-02-18,80,66,108153
137,STU0137,EEE,3,7,Male,2022-11-29,90,63,88452
138,STU0138,ECE,2,2,Female,2022-09-08,73,86,73600
139,STU0139,CIVIL,2,4,Female,2023-09-27,83,75,115230
140,STU0140,IT,1,8,Female,2023-10-16,56,89,83466
141,STU0141,MECH,3,5,Female,2023-11-25,74,70,59681
142,STU0142,ECE,4,8,Male,2023-12-08,56,89,89599
143,STU0143,CIVIL,3,5,Male,2022-08-31,64,96,97049
144,STU0144,CSE,1,8,Female,2024-04-29,82,85,85976
145,STU0145,ECE,2,5,Male,2024-03-05,91,74,96179
146,STU0146,EEE,4,1,Female,2023-10-06,46,100,55167
147,STU0147,EEE,4,3,Male,2024-01-20,48,65,88680
148,STU0148,CIVIL,3,3,Female,2022-05-16,90,94,97953
149,STU0149,IT,3,2,Female,2024-07-24,92,90,88684
150,STU0150,AIML,4,6,Male,2024-09-13,44,69,79571
151,STU0151,CIVIL,1,8,Female,2024-03-20,65,60,84663
152,STU0152,AIML,3,2,Male,2023-11-20,87,76,99941
153,STU0153,CIVIL,2,2,Female,2023-04-28,41,99,92992
154,STU0154,CSE,2,1,Male,2024-07-20,84,79,103516
155,STU0155,ECE,2,7,Female,2022-11-08,71,67,62739
156,STU0156,CIVIL,2,7,Male,2023-01-15,82,94,104935
157,STU0157,EEE,1,6,Male,2024-05-03,71,99,103492
158,STU0158,CSE,3,6,Male,2023-03-31,68,75,97537
159,STU0159,AIML,4,2,Male,2023-02-12,57,72,66011
160,STU0160,CSE,3,4,Male,2023-10-20,80,98,52799
161,STU0161,AIML,2,4,Male,2024-03-16,76,73,58992
162,STU0162,EEE,2,3,Female,2022-12-03,89,69,50371
163,STU0163,ECE,1,6,Male,2024-03-28,51,67,53379
164,STU0164,EEE,1,3,Female,2023-08-26,60,61,72838
165,STU0165,MECH,3,2,Female,2023-06-23,47,64,112422
166,STU0166,IT,3,8,Male,2023-05-31,54,99,55683
167,STU0167,IT,1,8,Female,2022-03-04,70,85,105872
168,STU0168,CIVIL,2,2,Male,2022-03-17,97,65,92219
169,STU0169,MECH,3,8,Female,2022-10-09,79,100,92622
170,STU0170,MECH,4,4,Female,2022-04-12,90,67,78183
171,STU0171,MECH,1,6,Female,2022-12-14,92,89,102262
172,STU0172,ECE,4,2,Male,2022-11-17,82,76,99060
173,STU0173,CSE,3,3,Male,2024-05-01,45,65,106606
174,STU0174,IT,1,7,Female,2023-08-24,75,95,93207
175,STU0175,EEE,3,6,Male,2024-06-13,82,87,56743
176,STU0176,IT,4,4,Male,2023-08-15,72,73,70280
177,STU0177,CSE,3,4,Female,2022-12-25,94,95,98176
178,STU0178,CIVIL,3,1,Male,2024-05-15,75,99,53441
179,STU0179,EEE,1,3,Male,2022-10-07,84,79,94541
180,STU0180,ECE,1,2,Male,2023-08-03,82,85,59120
181,STU0181,ECE,3,5,Female,2023-01-21,66,89,94681
182,STU0182,CSE,2,3,Male,2024-03-06,100,96,61135
183,STU0183,IT,4,8,Female,2023-11-22,45,77,108079
184,STU0184,CSE,3,7,Male,2023-03-01,57,73,117154
185,STU0185,CIVIL,3,1,Male,2022-10-18,83,97,113783
186,STU0186,ECE,3,4,Male,2023-02-09,78,63,51007
187,STU0187,CSE,1,8,Female,2024-02-22,56,78,93007
188,STU0188,IT,2,6,Male,2022-06-29,48,84,119806
189,STU0189,CSE,4,2,Female,2023-02-11,95,62,107176
190,STU0190,IT,4,5,Male,2023-08-13,67,96,103008
191,STU0191,AIML,4,6,Male,2023-02-19,41,80,72527
192,STU0192,MECH,4,2,Female,2023-03-24,94,66,81891
193,STU0193,EEE,2,2,Male,2024-06-10,59,81,79041
194,STU0194,EEE,2,4,Male,2023-06-28,72,72,95793
195,STU0195,CIVIL,2,2,Male,2022-05-30,56,72,72740
196,STU0196,MECH,4,6,Female,2024-09-01,89,100,114764
197,STU0197,MECH,3,5,Male,2022-06-04,68,64,111462
198,STU0198,MECH,4,1,Male,2022-12-27,72,64,90685
199,STU0199,IT,1,7,Female,2023-01-13,93,78,60057
200,STU0200,AIML,2,6,Female,2023-08-18,75,62,108947
201,STU0201,CSE,3,2,Male,2023-05-29,49,63,109050
202,STU0202,CIVIL,2,6,Female,2022-02-10,55,88,107595
203,STU0203,AIML,3,1,Female,2024-07-28,58,84,103578
204,STU0204,EEE,3,3,Female,2022-03-09,61,66,100667
205,STU0205,EEE,4,3,Male,2022-03-25,77,69,95851
206,STU0206,AIML,2,2,Female,2022-11-14,75,84,93054
207,STU0207,EEE,2,4,Female,2023-06-05,63,61,97526
208,STU0208,ECE,2,3,Male,2024-08-28,89,91,75166
209,STU0209,AIML,1,6,Male,2022-10-30,94,66,116543
210,STU0210,ECE,2,8,Male,2023-09-04,64,69,71266
211,STU0211,CIVIL,3,8,Male,2023-02-25,63,75,108222
212,STU0212,AIML,2,6,Female,2023-07-01,55,79,111474
213,STU0213,CIVIL,4,3,Male,2023-04-18,89,78,100052
214,STU0214,CSE,4,6,Male,2024-03-31,78,68,82768
215,STU0215,EEE,1,3,Female,2023-12-30,94,93,66341
216,STU0216,AIML,4,2,Male,2023-04-06,97,92,69313
217,STU0217,MECH,1,7,Female,2024-04-16,68,82,53495
218,STU0218,ECE,1,6,Male,2022-08-30,64,65,99140
219,STU0219,ECE,1,5,Female,2024-05-09,85,81,69142
220,STU0220,MECH,1,2,Male,2023-12-14,93,68,111487
221,STU0221,MECH,1,5,Male,2022-09-20,53,69,119176
222,STU0222,MECH,4,2,Male,2022-11-05,47,63,81252
223,STU0223,IT,2,3,Female,2024-05-06,97,91,52154
224,STU0224,ECE,4,3,Male,2023-03-16,40,99,96244
225,STU0225,CIVIL,1,7,Female,2023-06-21,63,64,118951
226,STU0226,EEE,1,6,Male,2022-02-14,80,84,98929
227,STU0227,AIML,3,3,Male,2022-12-20,55,100,63587
228,STU0228,AIML,4,8,Male,2022-12-27,74,81,72949
229,STU0229,CSE,3,4,Male,2024-04-10,48,64,109988
230,STU0230,EEE,4,8,Female,2024-03-21,52,62,91365
231,STU0231,EEE,1,6,Female,2022-02-07,88,72,87501
232,STU0232,MECH,4,7,Female,2022-05-08,91,83,107272
233,STU0233,EEE,3,2,Female,2024-09-24,51,91,115211
234,STU0234,CIVIL,3,6,Male,2022-03-22,67,98,73652
235,STU0235,MECH,4,3,Female,2022-03-23,60,78,90173
236,STU0236,CIVIL,4,5,Male,2022-12-26,68,62,96210
237,STU0237,EEE,2,1,Male,2022-03-18,82,100,103242
238,STU0238,ECE,1,4,Female,2024-05-19,78,88,54561
239,STU0239,CIVIL,2,8,Female,2023-01-06,64,96,54244
240,STU0240,CIVIL,3,7,Female,2023-01-16,68,64,68047
241,STU0241,CSE,2,8,Female,2023-10-28,57,75,64869
242,STU0242,AIML,3,8,Male,2024-07-24,75,67,84311
243,STU0243,CSE,2,2,Female,2023-09-19,58,91,76237
244,STU0244,AIML,3,6,Male,2022-06-26,97,88,61506
245,STU0245,AIML,2,3,Female,2023-07-18,74,78,89315
246,STU0246,AIML,2,4,Female,2023-06-05,54,67,76342
247,STU0247,MECH,2,2,Male,2022-01-27,63,95,98353
248,STU0248,MECH,4,2,Male,2022-11-13,65,90,118903
249,STU0249,MECH,3,3,Male,2024-09-22,60,64,108979
250,STU0250,AIML,1,2,Male,2024-02-26,48,87,115911
251,STU0251,IT,2,6,Female,2022-11-08,50,70,92291
252,STU0252,IT,3,3,Female,2024-05-16,45,76,75729
253,STU0253,IT,2,3,Male,2023-09-22,74,65,115873
254,STU0254,AIML,1,1,Male,2023-11-06,79,98,94252
255,STU0255,IT,2,7,Male,2022-02-16,100,96,84688
256,STU0256,IT,3,8,Male,2023-05-25,96,100,87967
257,STU0257,MECH,1,1,Male,2024-04-04,91,85,88985
258,STU0258,ECE,3,3,Female,2023-03-27,66,90,110875
259,STU0259,MECH,2,6,Male,2024-06-01,85,80,95268
260,STU0260,EEE,4,4,Male,2022-11-23,55,89,66059
261,STU0261,AIML,4,4,Male,2022-04-10,43,78,100351
262,STU0262,ECE,2,8,Female,2024-04-13,60,96,90988
263,STU0263,CSE,1,7,Female,2023-05-26,96,79,115191
264,STU0264,CSE,1,5,Female,2024-09-16,55,73,96254
265,STU0265,CIVIL,1,2,Female,2023-09-04,96,90,87453
266,STU0266,AIML,4,6,Male,2022-05-18,96,76,97943
267,STU0267,EEE,3,2,Female,2023-02-15,43,96,75513
268,STU0268,AIML,1,3,Male,2023-06-01,68,95,86663
269,STU0269,AIML,2,4,Female,2023-02-08,63,81,97920
270,STU0270,ECE,3,8,Female,2023-05-28,42,62,55100
271,STU0271,EEE,3,3,Female,2022-06-02,78,92,68321
272,STU0272,CIVIL,4,5,Female,2023-09-24,87,79,94089
273,STU0273,IT,1,7,Female,2024-04-15,41,83,93416
274,STU0274,CIVIL,4,5,Male,2024-03-26,97,100,53492
275,STU0275,ECE,4,3,Male,2024-01-09,43,97,112973
276,STU0276,CSE,4,6,Female,2022-02-02,76,67,75006
277,STU0277,CIVIL,4,1,Male,2022-06-05,66,73,103788
278,STU0278,IT,4,7,Female,2023-06-16,53,95,92604
279,STU0279,EEE,3,5,Female,2024-09-06,51,89,119878
280,STU0280,ECE,3,5,Male,2022-07-16,55,77,89124
281,STU0281,MECH,3,5,Female,2023-12-08,85,91,91555
282,STU0282,MECH,3,3,Female,2022-05-05,76,94,99767
283,STU0283,MECH,3,8,Male,2022-02-13,58,65,95398
284,STU0284,CIVIL,3,3,Male,2022-07-26,92,94,85537
285,STU0285,ECE,1,4,Male,2023-09-23,87,97,81363
286,STU0286,IT,4,2,Male,2022-02-23,46,86,93292
287,STU0287,IT,4,8,Male,2022-01-06,75,70,103334
288,STU0288,IT,1,2,Male,2024-02-14,58,80,87409
289,STU0289,MECH,2,1,Female,2023-07-02,87,62,72946
290,STU0290,CSE,1,5,Male,2024-03-17,71,71,87941
291,STU0291,IT,4,3,Female,2024-08-08,61,78,109552
292,STU0292,ECE,4,5,Male,2022-10-07,52,67,93343
293,STU0293,CIVIL,2,3,Female,2022-01-15,87,81,88669
294,STU0294,CSE,4,2,Male,2024-04-26,67,92,92982
295,STU0295,CSE,3,7,Male,2022-05-24,70,80,82512
296,STU0296,EEE,1,5,Female,2023-04-03,88,77,93204
297,STU0297,MECH,3,3,Female,2023-12-11,55,63,65495
298,STU0298,IT,3,6,Male,2023-12-04,72,79,65389
299,STU0299,MECH,3,7,Female,2022-08-13,48,90,70078
300,STU0300,IT,1,8,Female,2024-02-15,74,73,82435
301,STU0301,CSE,2,3,Male,2022-03-21,98,96,64707
302,STU0302,CSE,2,8,Male,2022-12-02,94,93,107912
303,STU0303,MECH,2,7,Female,2024-07-09,72,88,57292
304,STU0304,IT,3,1,Female,2023-08-01,43,95,110604
305,STU0305,CIVIL,1,1,Female,2022-09-18,92,60,78560
306,STU0306,CSE,4,1,Female,2022-12-19,84,64,57897
307,STU0307,EEE,4,8,Female,2023-02-23,51,68,105097
308,STU0308,IT,3,2,Male,2023-01-20,45,94,67431
309,STU0309,IT,2,1,Male,2023-07-05,65,93,66691
310,STU0310,CIVIL,4,4,Male,2022-11-02,69,94,105591
311,STU0311,ECE,1,1,Female,2023-04-17,62,69,86129
312,STU0312,ECE,1,2,Male,2023-09-22,89,61,81544
313,STU0313,IT,1,7,Female,2023-04-03,78,63,82077
314,STU0314,ECE,3,4,Female,2022-08-28,74,73,57398
315,STU0315,EEE,2,4,Female,2023-08-15,78,80,81051
316,STU0316,IT,4,8,Male,2022-11-04,57,63,72955
317,STU0317,EEE,4,7,Male,2024-09-22,62,84,118742
318,STU0318,ECE,2,5,Male,2022-11-04,64,71,112065
319,STU0319,MECH,2,7,Male,2024-04-05,69,63,104090
320,STU0320,MECH,3,2,Male,2022-09-19,53,81,60363
321,STU0321,AIML,1,4,Male,2022-02-22,57,84,55183
322,STU0322,CSE,2,4,Male,2023-05-06,53,81,89739
323,STU0323,IT,2,7,Male,2024-02-04,88,90,81797
324,STU0324,MECH,3,5,Female,2023-07-20,60,78,99894
325,STU0325,CSE,4,6,Male,2023-01-04,72,91,111080
326,STU0326,CIVIL,2,3,Male,2023-01-15,60,86,55992
327,STU0327,EEE,2,4,Female,2022-09-25,75,97,104732
328,STU0328,MECH,3,5,Female,2022-08-24,64,96,82208
329,STU0329,ECE,3,3,Male,2024-09-16,86,91,110401
330,STU0330,CIVIL,1,1,Male,2024-01-08,74,91,74123
331,STU0331,MECH,2,4,Male,2024-08-25,92,63,50836
332,STU0332,CIVIL,4,6,Male,2023-12-26,49,60,78668
333,STU0333,IT,4,1,Male,2023-09-25,80,99,113334
334,STU0334,CSE,3,5,Male,2023-06-29,75,86,51553
335,STU0335,CSE,1,3,Male,2023-05-30,92,87,73496
336,STU0336,AIML,3,5,Female,2022-07-16,79,93,83084
337,STU0337,CIVIL,2,4,Female,2022-03-22,63,85,110161
338,STU0338,CSE,4,7,Female,2023-12-02,92,65,54152
339,STU0339,IT,2,2,Female,2023-07-20,70,63,51238
340,STU0340,CIVIL,1,4,Male,2024-05-15,67,81,62499
341,STU0341,EEE,1,2,Female,2024-07-11,95,96,112324
342,STU0342,ECE,3,1,Male,2024-07-09,74,96,54312
343,STU0343,EEE,2,4,Female,2023-08-25,49,85,60084
344,STU0344,MECH,2,2,Female,2023-11-25,97,94,93480
345,STU0345,AIML,1,6,Female,2022-02-24,46,87,80427
346,STU0346,IT,3,8,Female,2024-09-19,89,80,53883
347,STU0347,MECH,2,7,Male,2022-08-22,62,95,99207
348,STU0348,IT,1,2,Female,2024-03-01,79,78,82302
349,STU0349,IT,4,6,Female,2022-06-07,64,100,70221
350,STU0350,MECH,3,5,Male,2022-04-20,45,60,90405
351,STU0351,MECH,4,2,Male,2022-05-16,45,71,106489
352,STU0352,CIVIL,3,7,Male,2022-04-02,62,95,62198
353,STU0353,IT,2,3,Female,2022-10-26,66,84,61101
354,STU0354,EEE,4,3,Male,2022-06-23,48,77,89469
355,STU0355,EEE,4,2,Female,2022-06-21,67,77,105194
356,STU0356,CIVIL,2,8,Male,2022-09-15,100,75,114985
357,STU0357,EEE,4,6,Female,2022-05-19,59,60,101864
358,STU0358,EEE,3,4,Female,2022-12-09,67,98,67842
359,STU0359,EEE,4,4,Female,2022-11-18,51,85,91830
360,STU0360,CSE,2,3,Male,2023-01-21,57,85,97843
361,STU0361,MECH,3,2,Female,2024-09-02,86,89,77479
362,STU0362,ECE,3,3,Female,2023-11-21,71,68,89692
363,STU0363,CIVIL,4,7,Female,2024-03-19,64,64,108860
364,STU0364,CSE,2,6,Male,2023-07-11,42,83,61138
365,STU0365,AIML,3,7,Male,2023-10-25,79,62,102378
366,STU0366,CIVIL,2,8,Female,2022-01-11,46,76,79098
367,STU0367,ECE,3,1,Female,2023-02-05,69,97,115597
368,STU0368,CSE,2,6,Female,2022-04-18,58,86,61253
369,STU0369,MECH,3,8,Male,2022-12-18,69,73,118303
370,STU0370,CSE,3,1,Male,2023-03-25,86,88,91800
371,STU0371,IT,2,4,Male,2022-01-24,94,81,64334
372,STU0372,MECH,2,7,Male,2023-07-20,50,81,105885
373,STU0373,CSE,2,8,Female,2022-07-10,80,87,101849
374,STU0374,EEE,1,2,Male,2023-02-03,40,73,76972
375,STU0375,CSE,3,8,Female,2023-01-10,60,72,109972
376,STU0376,CIVIL,1,6,Female,2023-09-04,64,99,101451
377,STU0377,AIML,3,2,Male,2024-05-15,69,99,72613
378,STU0378,CSE,2,6,Male,2022-11-17,47,75,90026
379,STU0379,CIVIL,4,7,Male,2023-06-08,64,86,68070
380,STU0380,CIVIL,2,8,Female,2023-05-14,80,94,72706
381,STU0381,CIVIL,1,6,Male,2022-05-24,51,80,109113
382,STU0382,CIVIL,4,7,Female,2023-05-12,48,72,100324
383,STU0383,ECE,1,1,Male,2023-03-02,85,88,114054
384,STU0384,CIVIL,3,3,Female,2022-10-27,42,77,79470
385,STU0385,CSE,1,5,Female,2023-08-03,87,91,116952
386,STU0386,CIVIL,2,7,Male,2023-07-10,92,62,107850
387,STU0387,AIML,1,8,Female,2024-01-24,93,75,89021
388,STU0388,AIML,1,4,Male,2022-12-23,95,65,107549
389,STU0389,AIML,4,3,Male,2024-04-10,87,97,95957
390,STU0390,CIVIL,3,5,Male,2024-03-14,53,73,57780
391,STU0391,CIVIL,3,2,Male,2022-11-28,85,78,87923
392,STU0392,EEE,2,3,Male,2024-09-12,88,86,57770
393,STU0393,AIML,4,8,Male,2022-05-30,85,80,82447
394,STU0394,MECH,4,2,Male,2023-08-15,80,77,104293
395,STU0395,MECH,4,6,Male,2023-02-17,72,77,98374
396,STU0396,IT,3,2,Female,2024-06-08,89,65,110089
397,STU0397,EEE,3,5,Female,2022-08-12,67,73,114843
398,STU0398,AIML,3,1,Male,2023-07-15,76,68,113614
399,STU0399,CSE,2,8,Female,2022-04-12,80,89,52134
400,STU0400,IT,3,3,Female,2022-01-01,67,72,67290
401,STU0401,CSE,3,3,Male,2022-04-06,81,83,82819
402,STU0402,MECH,1,2,Male,2023-02-10,80,79,80689
403,STU0403,CIVIL,2,8,Male,2022-08-07,70,64,67393
404,STU0404,AIML,4,3,Female,2022-01-09,84,81,65806
405,STU0405,IT,1,2,Female,2022-03-14,54,84,61708
406,STU0406,MECH,2,3,Male,2023-01-12,96,79,67973
407,STU0407,MECH,3,4,Male,2023-06-28,76,60,71511
408,STU0408,AIML,2,2,Male,2024-07-30,66,99,107984
409,STU0409,EEE,4,6,Male,2022-05-24,88,67,100335
410,STU0410,CIVIL,3,1,Female,2022-09-11,57,65,82527
411,STU0411,ECE,4,5,Male,2022-07-30,73,98,116784
412,STU0412,MECH,1,4,Female,2024-03-13,97,75,114865
413,STU0413,CSE,3,6,Male,2023-10-16,78,64,119243
414,STU0414,EEE,2,8,Male,2023-02-01,95,96,105163
415,STU0415,EEE,2,1,Male,2022-01-18,77,64,51807
416,STU0416,EEE,4,7,Female,2024-08-29,90,85,116402
417,STU0417,EEE,1,5,Male,2022-03-26,80,94,70012
418,STU0418,CIVIL,3,7,Male,2023-06-08,98,73,70365
419,STU0419,CSE,2,2,Female,2022-11-14,84,87,81278
420,STU0420,EEE,2,2,Male,2022-04-29,69,99,57212
421,STU0421,MECH,3,5,Male,2023-12-26,48,60,71473
422,STU0422,AIML,1,6,Female,2023-01-16,48,77,65473
423,STU0423,IT,1,8,Female,2022-10-06,73,64,84465
424,STU0424,AIML,2,6,Male,2023-06-08,63,63,115484
425,STU0425,ECE,1,1,Male,2022-09-19,89,66,65117
426,STU0426,MECH,2,3,Male,2022-09-08,42,90,97707
427,STU0427,EEE,2,7,Female,2023-07-21,91,86,79427
428,STU0428,CSE,1,3,Male,2022-10-05,92,64,98864
429,STU0429,CSE,4,5,Female,2024-04-03,73,62,102550
430,STU0430,CSE,3,4,Female,2022-12-02,45,95,109866
431,STU0431,MECH,3,8,Male,2023-08-01,90,79,81795
432,STU0432,ECE,1,7,Male,2024-01-21,97,94,82129
433,STU0433,EEE,1,7,Female,2022-08-27,74,82,51257
434,STU0434,MECH,4,1,Male,2022-04-17,53,93,81217
435,STU0435,ECE,4,6,Female,2023-12-30,57,65,55754
436,STU0436,CIVIL,2,7,Male,2024-09-24,87,65,62527
437,STU0437,IT,2,4,Female,2023-08-30,76,63,107014
438,STU0438,IT,3,6,Female,2022-09-25,94,80,101505
439,STU0439,ECE,1,3,Male,2022-10-06,54,64,76569
440,STU0440,MECH,1,6,Male,2022-06-18,68,89,91160
441,STU0441,AIML,1,2,Male,2023-04-08,59,89,84735
442,STU0442,ECE,3,3,Male,2024-04-06,83,79,55286
443,STU0443,CIVIL,1,5,Female,2023-12-30,55,82,101936
444,STU0444,AIML,4,4,Male,2024-04-19,51,61,103004
445,STU0445,CSE,1,4,Male,2023-04-19,46,68,65919
446,STU0446,IT,1,5,Male,2022-07-22,92,85,98790
447,STU0447,AIML,2,2,Female,2022-01-23,44,72,108121
448,STU0448,ECE,4,7,Female,2022-05-06,42,89,56637
449,STU0449,EEE,2,3,Female,2022-01-31,64,87,72650
450,STU0450,CIVIL,2,5,Female,2022-10-14,68,69,54541
451,STU0451,CSE,1,5,Female,2023-02-26,96,95,112787
452,STU0452,ECE,1,7,Female,2022-05-21,66,72,118919
453,STU0453,CIVIL,3,7,Female,2023-05-07,74,91,95093
454,STU0454,CSE,3,1,Female,2022-07-04,41,80,78707
455,STU0455,ECE,1,4,Male,2023-06-27,62,97,80508
456,STU0456,CIVIL,4,6,Male,2022-09-30,74,63,78758
457,STU0457,AIML,3,1,Female,2022-06-30,55,97,91681
458,STU0458,CIVIL,2,8,Female,2024-08-28,76,96,68625
459,STU0459,CSE,2,4,Male,2022-06-29,71,62,61830
460,STU0460,CIVIL,2,3,Female,2023-06-24,70,60,93481
461,STU0461,CSE,2,3,Male,2024-01-05,51,80,57806
462,STU0462,EEE,4,2,Female,2024-05-16,73,83,59506
463,STU0463,IT,4,8,Female,2022-11-06,60,68,70644
464,STU0464,ECE,2,7,Female,2022-06-28,85,95,96769
465,STU0465,ECE,1,7,Male,2024-01-22,84,78,66691
466,STU0466,IT,1,8,Male,2022-07-06,78,80,78953
467,STU0467,EEE,3,3,Male,2022-12-06,87,64,81194
468,STU0468,MECH,1,5,Male,2024-04-21,85,100,94007
469,STU0469,EEE,1,1,Male,2022-09-13,84,64,95938
470,STU0470,MECH,4,7,Female,2023-01-31,68,86,71802
471,STU0471,AIML,2,3,Female,2023-07-14,64,66,112847
472,STU0472,CSE,3,5,Male,2022-03-17,91,62,88654
473,STU0473,ECE,1,2,Female,2022-03-17,61,70,99212
474,STU0474,MECH,2,7,Male,2023-09-01,79,90,54062
475,STU0475,ECE,4,5,Female,2022-02-24,46,81,76941
476,STU0476,MECH,4,3,Male,2022-11-01,55,66,56505
477,STU0477,EEE,4,4,Male,2023-01-05,40,87,61485
478,STU0478,CSE,4,2,Female,2022-01-27,53,70,88248
479,STU0479,IT,3,2,Female,2024-03-14,65,90,114106
480,STU0480,ECE,4,1,Female,2022-07-09,63,84,98418
481,STU0481,AIML,3,1,Male,2023-03-27,69,76,79654
482,STU0482,IT,3,7,Male,2024-02-10,84,66,61233
483,STU0483,MECH,4,4,Female,2023-07-21,43,84,118495
484,STU0484,CIVIL,2,2,Female,2022-11-03,45,85,54551
485,STU0485,AIML,2,3,Male,2022-06-27,100,70,77772
486,STU0486,AIML,2,5,Female,2023-03-10,45,87,76465
487,STU0487,MECH,4,6,Female,2024-07-21,86,64,61406
488,STU0488,AIML,4,2,Female,2023-06-17,69,60,118493
489,STU0489,CSE,1,5,Female,2022-06-03,49,96,63133
490,STU0490,IT,4,8,Male,2024-06-17,66,76,100206
491,STU0491,CIVIL,4,1,Female,2022-06-26,57,85,68855
492,STU0492,CSE,4,5,Female,2024-06-29,96,81,81139
493,STU0493,EEE,4,2,Male,2022-01-21,61,79,90756
494,STU0494,EEE,4,2,Male,2022-05-18,59,88,92056
495,STU0495,AIML,3,1,Male,2023-03-29,53,86,113499
496,STU0496,ECE,1,3,Male,2022-03-09,59,92,102872
497,STU0497,ECE,1,8,Male,2024-06-15,93,72,57553
498,STU0498,EEE,4,7,Male,2024-07-29,63,72,85910
499,STU0499,MECH,4,3,Female,2023-11-29,41,75,98819
500,STU0500,ECE,3,2,Female,2023-08-24,75,82,95121
501,STU0501,AIML,2,4,Male,2022-01-29,64,63,71352
502,STU0502,CIVIL,1,1,Female,2023-11-25,53,77,103674
503,STU0503,ECE,3,5,Female,2024-07-22,48,71,51109
504,STU0504,MECH,3,4,Female,2023-03-10,97,84,95706
505,STU0505,CIVIL,1,1,Female,2022-11-06,83,93,102055
506,STU0506,EEE,1,8,Male,2023-07-29,81,98,87051
507,STU0507,AIML,3,5,Female,2022-12-11,57,100,92616
508,STU0508,CSE,4,6,Male,2022-07-12,49,93,81496
509,STU0509,EEE,4,7,Female,2024-01-09,41,91,88745
510,STU0510,EEE,2,8,Female,2024-01-25,42,97,74892
511,STU0511,EEE,1,8,Male,2023-06-04,59,70,73741
512,STU0512,IT,3,2,Male,2024-01-29,56,95,73995
513,STU0513,AIML,3,6,Female,2022-12-30,54,79,105112
514,STU0514,MECH,1,2,Female,2023-08-23,58,89,65437
515,STU0515,AIML,4,5,Female,2024-06-29,52,92,65704
516,STU0516,ECE,3,7,Female,2022-02-25,95,69,68004
517,STU0517,MECH,3,3,Female,2022-05-27,60,71,60592
518,STU0518,EEE,2,3,Male,2023-10-12,43,60,109251
519,STU0519,CIVIL,4,7,Female,2023-05-17,90,65,66961
520,STU0520,CSE,2,6,Male,2023-03-16,70,84,50611
521,STU0521,CSE,1,4,Male,2024-07-02,60,93,74979
522,STU0522,ECE,1,7,Female,2023-12-12,96,82,90906
523,STU0523,EEE,4,6,Female,2022-06-21,44,62,89085
524,STU0524,MECH,3,4,Male,2024-06-28,83,68,94922
525,STU0525,ECE,2,3,Male,2024-08-28,98,85,52506
526,STU0526,ECE,1,6,Male,2024-01-22,41,97,116143
527,STU0527,AIML,1,1,Male,2023-01-20,96,100,83526
528,STU0528,IT,1,7,Female,2023-11-01,93,61,56322
529,STU0529,MECH,2,4,Male,2023-01-25,47,95,83126
530,STU0530,EEE,2,7,Male,2022-11-05,66,66,118197
531,STU0531,EEE,1,2,Female,2023-06-08,86,99,65431
532,STU0532,AIML,2,6,Female,2022-07-23,78,72,84471
533,STU0533,ECE,4,6,Male,2022-10-30,50,62,115058
534,STU0534,AIML,4,3,Male,2022-01-03,40,65,64474
535,STU0535,EEE,2,8,Female,2024-03-09,72,64,63276
536,STU0536,AIML,2,1,Female,2022-09-28,69,63,63082
537,STU0537,IT,1,2,Male,2023-01-04,91,80,105836
538,STU0538,EEE,3,8,Female,2022-01-10,94,68,72349
539,STU0539,AIML,3,3,Male,2024-06-18,86,65,98840
540,STU0540,AIML,4,8,Female,2023-02-15,65,89,85629
541,STU0541,ECE,1,3,Male,2023-10-27,96,70,64818
542,STU0542,AIML,4,3,Female,2023-03-03,98,97,113265
543,STU0543,AIML,2,8,Female,2024-03-08,62,99,53777
544,STU0544,CSE,1,5,Female,2022-04-26,96,86,107761
545,STU0545,IT,3,2,Female,2022-01-13,85,93,79358
546,STU0546,EEE,4,3,Male,2023-11-09,86,75,113167
547,STU0547,AIML,4,8,Male,2022-01-12,81,70,116265
548,STU0548,ECE,3,5,Male,2022-03-18,88,91,92026
549,STU0549,MECH,2,2,Female,2023-06-04,54,95,99628
550,STU0550,CSE,4,8,Female,2023-03-31,91,96,108733
551,STU0551,MECH,4,1,Male,2022-05-02,71,61,63453
552,STU0552,CIVIL,2,8,Female,2024-04-25,45,98,89924
553,STU0553,AIML,4,6,Female,2023-01-08,92,63,79218
554,STU0554,CSE,1,4,Male,2024-01-04,82,83,109314
555,STU0555,CIVIL,3,2,Male,2022-12-16,62,100,88270
556,STU0556,AIML,4,2,Female,2024-07-07,50,91,68408
557,STU0557,AIML,4,4,Female,2023-09-18,52,72,65826
558,STU0558,CSE,4,1,Male,2024-04-24,90,72,94293
559,STU0559,IT,2,8,Male,2024-03-01,97,88,109950
560,STU0560,AIML,4,3,Male,2023-06-28,87,63,106729
561,STU0561,MECH,3,7,Female,2024-01-19,92,68,63573
562,STU0562,MECH,3,5,Female,2023-09-16,98,75,85860
563,STU0563,CIVIL,3,6,Male,2024-04-04,48,68,104099
564,STU0564,IT,3,3,Male,2022-07-25,53,99,88086
565,STU0565,IT,1,6,Female,2023-05-31,74,100,92255
566,STU0566,EEE,4,1,Male,2023-08-20,76,86,119979
567,STU0567,IT,1,4,Female,2022-01-26,64,69,56955
568,STU0568,IT,3,3,Male,2024-02-08,90,70,87567
569,STU0569,AIML,1,6,Female,2023-12-09,90,78,76738
570,STU0570,IT,4,4,Female,2022-04-15,79,95,79400
571,STU0571,MECH,4,6,Male,2023-12-11,82,63,100014
572,STU0572,CIVIL,4,4,Female,2022-01-14,87,76,76619
573,STU0573,AIML,2,5,Female,2024-02-13,77,94,75751
574,STU0574,ECE,1,7,Male,2022-07-01,83,64,74507
575,STU0575,ECE,2,5,Male,2023-03-15,57,95,84634
576,STU0576,ECE,3,1,Female,2022-12-05,69,69,55235
577,STU0577,CSE,3,4,Male,2023-05-18,90,96,96934
578,STU0578,MECH,4,2,Female,2023-06-18,44,92,70889
579,STU0579,EEE,3,5,Male,2022-08-15,96,73,93500
580,STU0580,MECH,1,2,Female,2024-08-31,88,99,119533
581,STU0581,CSE,3,7,Male,2023-04-02,55,99,81958
582,STU0582,CSE,3,8,Female,2023-01-31,56,94,87070
583,STU0583,CIVIL,1,2,Male,2022-02-14,58,72,91984
584,STU0584,CSE,1,4,Male,2024-09-21,89,94,119888
585,STU0585,ECE,4,2,Male,2024-06-04,83,87,63621
586,STU0586,CSE,1,1,Male,2022-01-25,69,81,54965
587,STU0587,CIVIL,2,5,Female,2024-03-24,56,95,59232
588,STU0588,MECH,3,1,Female,2023-02-02,68,100,103011
589,STU0589,IT,1,1,Male,2023-11-21,47,94,50773
590,STU0590,EEE,3,2,Female,2023-01-02,99,92,63911
591,STU0591,MECH,1,8,Male,2024-02-23,99,88,99992
592,STU0592,AIML,3,3,Female,2023-07-01,54,68,101248
593,STU0593,CIVIL,2,2,Male,2023-11-25,96,83,51461
594,STU0594,CIVIL,1,5,Male,2022-01-06,76,98,101653
595,STU0595,MECH,2,3,Male,2024-02-06,87,82,77752
596,STU0596,CSE,2,1,Female,2022-08-15,79,76,75470
597,STU0597,IT,1,5,Male,2023-10-23,75,64,88096
598,STU0598,EEE,3,3,Male,2022-07-22,86,97,113857
599,STU0599,ECE,3,8,Female,2022-04-13,58,99,59149
600,STU0600,CIVIL,3,6,Female,2022-12-03,79,79,69974
601,STU0601,AIML,2,7,Female,2022-06-22,40,80,82266
602,STU0602,MECH,4,8,Female,2024-05-10,63,68,93458
603,STU0603,ECE,1,5,Male,2024-03-04,59,91,64264
604,STU0604,IT,1,2,Male,2024-07-01,74,72,84502
605,STU0605,AIML,4,4,Male,2024-05-19,72,100,54088
606,STU0606,IT,2,6,Female,2023-07-19,56,94,111879
607,STU0607,ECE,4,2,Female,2022-08-17,97,97,88141
608,STU0608,AIML,2,3,Female,2023-01-08,72,60,81310
609,STU0609,IT,4,6,Male,2022-06-13,51,96,69162
610,STU0610,CSE,3,6,Male,2022-08-13,88,91,80375
611,STU0611,AIML,3,7,Female,2022-02-13,82,73,117880
612,STU0612,IT,3,2,Female,2024-07-28,69,62,55230
613,STU0613,MECH,4,6,Male,2024-05-04,87,76,72786
614,STU0614,CIVIL,4,6,Female,2023-06-14,56,84,79215
615,STU0615,CIVIL,2,8,Male,2023-05-14,90,90,50864
616,STU0616,ECE,2,3,Male,2022-08-24,44,92,86806
617,STU0617,MECH,3,2,Female,2023-01-06,78,67,80191
618,STU0618,CIVIL,2,7,Male,2023-11-23,70,90,77617
619,STU0619,ECE,1,3,Male,2022-09-07,42,68,71119
620,STU0620,MECH,1,5,Male,2022-06-20,56,71,117717
621,STU0621,AIML,4,3,Male,2022-08-10,68,98,111789
622,STU0622,AIML,2,5,Male,2024-04-30,66,98,68705
623,STU0623,CIVIL,1,4,Female,2024-01-12,83,81,109437
624,STU0624,ECE,4,3,Male,2023-01-30,48,66,52170
625,STU0625,AIML,1,2,Female,2022-07-01,70,99,55116
626,STU0626,AIML,4,7,Female,2023-11-07,48,98,50157
627,STU0627,ECE,4,7,Female,2024-06-14,42,93,106224
628,STU0628,MECH,2,5,Female,2023-08-27,91,96,62807
629,STU0629,CIVIL,4,5,Male,2024-02-24,54,65,87128
630,STU0630,CSE,1,7,Male,2022-01-06,85,60,118490
631,STU0631,EEE,1,3,Female,2023-12-06,91,80,103588
632,STU0632,AIML,4,6,Female,2023-10-30,77,76,84249
633,STU0633,CIVIL,4,3,Female,2023-11-28,65,73,104162
634,STU0634,EEE,3,7,Male,2023-07-27,75,90,83263
635,STU0635,MECH,2,2,Male,2024-05-25,95,67,80116
636,STU0636,ECE,4,1,Male,2023-06-05,65,81,56822
637,STU0637,CSE,1,5,Male,2024-04-23,49,90,107065
638,STU0638,IT,4,7,Female,2023-01-15,45,98,54948
639,STU0639,IT,4,8,Male,2023-12-30,78,63,72973
640,STU0640,ECE,1,4,Male,2022-07-26,94,93,87487
641,STU0641,IT,1,3,Male,2023-11-22,42,83,81359
642,STU0642,IT,4,7,Male,2022-10-10,89,85,96285
643,STU0643,CIVIL,3,6,Female,2023-06-15,40,64,61818
644,STU0644,CIVIL,2,8,Female,2024-09-13,92,77,79661
645,STU0645,MECH,1,2,Female,2023-08-12,40,76,72942
646,STU0646,EEE,3,8,Female,2022-12-15,100,67,117277
647,STU0647,AIML,4,8,Male,2023-07-31,70,75,94520
648,STU0648,MECH,2,4,Female,2023-05-09,47,76,58854
649,STU0649,IT,3,4,Female,2023-02-27,62,93,51274
650,STU0650,CIVIL,2,8,Female,2022-04-06,65,81,59965
651,STU0651,ECE,2,8,Male,2022-12-29,53,96,85268
652,STU0652,ECE,2,4,Male,2022-08-29,87,75,84787
653,STU0653,AIML,1,2,Male,2024-05-06,79,82,70446
654,STU0654,AIML,1,8,Female,2023-11-24,82,91,50868
655,STU0655,MECH,2,5,Female,2023-09-28,60,91,86009
656,STU0656,CSE,4,8,Male,2022-08-16,88,96,66809
657,STU0657,MECH,1,8,Female,2023-05-30,62,85,72911
658,STU0658,MECH,1,6,Female,2023-12-07,40,60,77623
659,STU0659,CIVIL,3,4,Female,2023-09-20,95,76,74530
660,STU0660,ECE,4,7,Male,2023-04-28,79,81,97962
661,STU0661,AIML,4,5,Female,2023-03-06,84,83,97851
662,STU0662,AIML,1,5,Male,2022-07-04,76,68,79958
663,STU0663,ECE,2,8,Male,2023-07-23,67,84,75698
664,STU0664,AIML,3,8,Female,2022-06-30,66,91,67625
665,STU0665,MECH,1,3,Male,2022-09-14,75,96,56253
666,STU0666,AIML,1,8,Female,2022-08-09,92,76,112460
667,STU0667,EEE,1,7,Male,2022-09-24,63,83,83779
668,STU0668,CIVIL,2,5,Female,2022-12-26,95,98,76077
669,STU0669,AIML,4,2,Female,2022-11-29,83,92,113896
670,STU0670,AIML,2,6,Female,2023-09-21,58,89,68985
671,STU0671,AIML,1,2,Male,2023-10-09,79,96,103054
672,STU0672,IT,3,5,Female,2022-12-18,54,80,91533
673,STU0673,IT,4,7,Male,2022-10-05,96,88,97600
674,STU0674,IT,2,5,Male,2022-07-08,94,61,66389
675,STU0675,CSE,1,8,Male,2022-08-04,50,85,63501
676,STU0676,AIML,1,2,Female,2022-01-27,89,85,118679
677,STU0677,EEE,2,4,Female,2023-09-25,49,65,101097
678,STU0678,CIVIL,2,1,Male,2023-03-30,80,68,67206
679,STU0679,MECH,3,8,Male,2023-11-11,62,80,112410
680,STU0680,CIVIL,4,7,Female,2024-09-19,100,94,73204
681,STU0681,AIML,1,8,Female,2024-07-19,62,90,79770
682,STU0682,EEE,1,1,Male,2023-01-10,66,76,70410
683,STU0683,IT,4,8,Female,2022-12-19,58,90,51090
684,STU0684,CIVIL,2,1,Female,2022-01-10,89,87,88393
685,STU0685,MECH,2,3,Female,2022-07-13,66,95,107292
686,STU0686,CSE,4,4,Female,2024-04-28,64,74,84469
687,STU0687,MECH,2,2,Male,2022-10-19,81,94,85235
688,STU0688,CIVIL,4,5,Female,2022-05-20,58,67,109682
689,STU0689,CSE,1,3,Male,2022-07-12,60,61,69942
690,STU0690,IT,1,4,Male,2022-10-16,57,68,107464
691,STU0691,EEE,4,5,Female,2022-06-04,40,91,78467
692,STU0692,CSE,2,1,Female,2023-01-16,69,62,93286
693,STU0693,ECE,2,5,Female,2024-03-05,65,64,111623
694,STU0694,MECH,4,4,Male,2024-04-28,40,67,82631
695,STU0695,IT,2,8,Female,2022-07-23,69,66,118306
696,STU0696,IT,1,2,Female,2023-11-29,59,80,70789
697,STU0697,EEE,1,4,Male,2023-05-08,80,79,76047
698,STU0698,CSE,2,5,Male,2022-08-30,80,87,92534
699,STU0699,CSE,4,3,Female,2023-02-10,90,75,51170
700,STU0700,MECH,1,6,Male,2024-02-29,45,75,70669
701,STU0701,ECE,4,4,Female,2022-03-03,62,69,64076
702,STU0702,IT,2,1,Female,2023-07-26,90,82,107503
703,STU0703,CSE,4,8,Female,2023-01-02,86,68,82859
704,STU0704,CIVIL,2,6,Female,2023-07-10,84,91,74874
705,STU0705,CSE,2,8,Female,2024-01-20,69,77,71016
706,STU0706,MECH,1,7,Male,2024-04-19,56,94,98118
707,STU0707,AIML,2,6,Male,2024-06-23,41,99,97720
708,STU0708,CIVIL,4,3,Female,2023-11-06,74,84,74886
709,STU0709,CSE,1,1,Male,2022-11-27,66,80,64478
710,STU0710,CSE,4,4,Male,2022-07-02,95,62,76486
711,STU0711,CIVIL,3,1,Female,2022-02-02,76,84,114213
712,STU0712,ECE,4,2,Female,2022-08-15,78,64,51715
713,STU0713,CIVIL,4,6,Male,2024-03-31,80,63,97307
714,STU0714,CSE,1,5,Male,2024-04-23,79,77,119339
715,STU0715,CSE,2,7,Male,2024-08-25,53,93,62729
716,STU0716,CIVIL,4,2,Female,2022-07-17,73,75,73448
717,STU0717,ECE,2,7,Female,2023-11-22,69,87,63644
718,STU0718,EEE,3,6,Female,2023-11-05,50,94,108066
719,STU0719,AIML,3,4,Male,2023-02-27,88,100,106438
720,STU0720,EEE,4,8,Female,2023-01-20,89,95,83303
721,STU0721,CIVIL,1,3,Female,2022-01-01,86,62,87287
722,STU0722,AIML,3,1,Female,2022-01-07,59,74,78157
723,STU0723,CSE,1,8,Female,2024-07-30,75,92,70278
724,STU0724,CIVIL,2,4,Female,2022-06-09,48,76,98114
725,STU0725,CIVIL,2,2,Female,2024-04-10,59,65,102402
726,STU0726,AIML,1,5,Male,2024-03-22,70,71,113999
727,STU0727,CSE,1,6,Female,2024-01-19,91,96,100010
728,STU0728,AIML,1,4,Male,2024-06-19,92,87,104594
729,STU0729,CSE,3,1,Female,2023-10-12,89,100,100133
730,STU0730,CIVIL,2,3,Male,2023-07-07,76,69,92838
731,STU0731,AIML,1,4,Female,2023-11-21,86,85,108407
732,STU0732,ECE,3,2,Female,2022-10-24,90,85,69400
733,STU0733,EEE,1,7,Female,2023-08-09,87,63,102322
734,STU0734,MECH,2,8,Female,2024-03-03,84,68,67677
735,STU0735,ECE,2,2,Female,2023-10-30,76,72,118714
736,STU0736,CSE,4,7,Female,2024-03-06,67,80,61743
737,STU0737,CIVIL,1,5,Male,2022-12-23,52,80,95157
738,STU0738,MECH,1,4,Male,2022-12-25,79,88,69112
739,STU0739,CSE,1,4,Male,2023-12-03,63,69,61247
740,STU0740,EEE,1,5,Female,2024-06-08,93,78,51800
741,STU0741,IT,2,4,Female,2023-04-28,41,81,77395
742,STU0742,IT,1,7,Male,2023-07-16,70,99,68526
743,STU0743,ECE,3,1,Female,2022-09-19,50,63,87226
744,STU0744,MECH,3,6,Male,2023-11-02,100,60,58729
745,STU0745,MECH,1,6,Female,2022-01-20,58,84,80299
746,STU0746,ECE,2,8,Male,2024-06-06,78,94,61537
747,STU0747,EEE,4,7,Male,2022-02-10,55,93,89967
748,STU0748,IT,3,4,Female,2022-01-19,62,82,96580
749,STU0749,MECH,1,5,Male,2024-04-11,43,100,83774
750,STU0750,CSE,4,4,Female,2022-06-05,61,85,67991
751,STU0751,EEE,3,8,Male,2022-09-04,76,69,105897
752,STU0752,AIML,2,5,Male,2022-07-31,81,68,76517
753,STU0753,EEE,1,2,Male,2023-03-17,98,69,70715
754,STU0754,AIML,3,7,Female,2022-11-22,93,69,53864
755,STU0755,ECE,2,2,Male,2022-11-07,68,100,85887
756,STU0756,CIVIL,2,4,Male,2022-07-09,41,99,84978
757,STU0757,IT,4,3,Female,2023-12-05,41,82,60417
758,STU0758,AIML,4,8,Female,2023-12-31,81,83,74114
759,STU0759,CSE,4,1,Female,2022-05-21,50,72,79658
760,STU0760,AIML,2,2,Male,2024-08-31,66,74,76585
761,STU0761,IT,3,8,Male,2024-08-07,68,99,114217
762,STU0762,IT,3,7,Male,2023-03-14,65,62,99856
763,STU0763,AIML,1,4,Female,2023-06-18,46,88,109886
764,STU0764,CIVIL,1,4,Female,2024-01-23,42,95,100777
765,STU0765,MECH,2,7,Female,2023-03-27,65,79,87475
766,STU0766,ECE,4,8,Male,2023-09-20,98,63,117760
767,STU0767,AIML,2,7,Female,2024-01-10,72,67,73562
768,STU0768,MECH,2,8,Male,2022-11-28,68,61,73445
769,STU0769,CSE,1,8,Female,2022-09-14,60,70,66193
770,STU0770,CIVIL,2,7,Female,2022-03-29,73,84,117065
771,STU0771,CIVIL,2,3,Male,2022-02-14,89,70,93934
772,STU0772,EEE,3,8,Female,2022-07-03,89,63,104995
773,STU0773,ECE,1,5,Male,2023-10-04,51,67,67245
774,STU0774,CIVIL,4,4,Male,2023-04-15,71,91,50753
775,STU0775,MECH,4,2,Male,2023-08-26,82,90,109472
776,STU0776,CIVIL,2,1,Male,2022-09-08,96,95,86452
777,STU0777,ECE,1,5,Female,2022-06-01,43,82,54813
778,STU0778,MECH,2,3,Female,2024-07-31,45,63,64272
779,STU0779,MECH,3,1,Male,2023-09-18,82,98,73254
780,STU0780,MECH,1,7,Male,2024-02-26,59,80,98309
781,STU0781,IT,3,6,Female,2022-10-27,70,68,65993
782,STU0782,CSE,1,8,Female,2023-06-22,53,73,57626
783,STU0783,CIVIL,3,3,Female,2023-03-14,78,80,84034
784,STU0784,MECH,2,4,Female,2023-06-17,86,100,115239
785,STU0785,MECH,1,4,Female,2022-07-18,40,67,53143
786,STU0786,CIVIL,2,1,Male,2023-02-28,42,81,95829
787,STU0787,EEE,3,6,Male,2023-12-08,58,76,58891
788,STU0788,MECH,1,3,Male,2022-04-27,83,81,94742
789,STU0789,MECH,1,3,Female,2022-12-05,93,81,112797
790,STU0790,MECH,4,1,Female,2022-06-09,80,89,93923
791,STU0791,ECE,3,6,Male,2023-08-02,86,80,52453
792,STU0792,EEE,4,3,Female,2024-09-19,49,77,54085
793,STU0793,IT,3,1,Female,2022-07-11,78,67,90407
794,STU0794,EEE,4,5,Male,2023-02-28,45,91,81148
795,STU0795,EEE,1,4,Male,2023-06-22,59,71,64710
796,STU0796,CIVIL,2,4,Female,2023-03-31,72,61,113263
797,STU0797,AIML,3,3,Male,2024-08-03,70,93,90679
798,STU0798,ECE,1,8,Female,2024-04-21,100,93,67395
799,STU0799,CSE,3,1,Male,2024-01-01,95,93,65182
800,STU0800,CIVIL,3,1,Female,2022-12-08,69,62,63513
801,STU0801,ECE,2,5,Female,2023-10-17,97,73,92058
802,STU0802,EEE,2,3,Female,2023-06-30,60,88,65420
803,STU0803,CSE,2,6,Female,2022-04-28,40,99,117378
804,STU0804,ECE,1,5,Female,2022-10-05,49,78,82089
805,STU0805,CSE,4,1,Male,2023-07-08,68,63,67049
806,STU0806,MECH,2,8,Female,2023-01-28,43,65,105897
807,STU0807,CSE,4,3,Male,2022-11-16,61,72,119924
808,STU0808,MECH,3,8,Female,2024-04-12,91,89,62748
809,STU0809,AIML,3,6,Female,2022-08-26,100,74,68837
810,STU0810,MECH,4,1,Male,2022-07-07,84,81,92567
811,STU0811,MECH,2,5,Female,2023-05-02,47,82,112737
812,STU0812,CSE,4,2,Female,2023-09-11,76,68,116577
813,STU0813,CIVIL,4,7,Female,2023-07-24,81,64,89599
814,STU0814,MECH,4,2,Female,2022-09-02,79,75,70843
815,STU0815,AIML,4,6,Male,2022-08-02,92,97,106511
816,STU0816,CSE,4,6,Male,2022-06-27,82,64,113783
817,STU0817,MECH,1,2,Female,2024-04-21,68,71,90374
818,STU0818,ECE,2,1,Male,2022-12-02,71,63,61866
819,STU0819,EEE,4,8,Male,2023-11-08,49,88,119632
820,STU0820,CIVIL,3,7,Female,2022-07-30,83,80,89286
821,STU0821,MECH,2,5,Male,2022-04-02,77,60,116902
822,STU0822,CSE,3,2,Female,2023-01-14,97,95,56963
823,STU0823,IT,4,6,Female,2024-06-05,41,75,106585
824,STU0824,IT,2,8,Male,2023-02-20,64,87,77684
825,STU0825,AIML,4,3,Female,2022-07-12,75,84,97223
826,STU0826,CSE,1,1,Male,2024-06-12,82,68,67600
827,STU0827,ECE,1,3,Female,2024-01-09,96,91,107243
828,STU0828,CIVIL,2,8,Female,2024-05-30,69,98,105797
829,STU0829,EEE,2,3,Female,2023-07-20,92,88,100425
830,STU0830,AIML,2,5,Female,2023-09-12,40,96,115294
831,STU0831,CSE,1,8,Female,2024-08-06,74,96,98099
832,STU0832,ECE,3,8,Male,2022-04-26,77,90,60494
833,STU0833,ECE,4,2,Female,2023-06-20,96,99,61592
834,STU0834,MECH,4,8,Female,2023-09-20,43,81,51413
835,STU0835,ECE,1,5,Female,2023-03-08,62,78,87907
836,STU0836,CIVIL,1,5,Male,2022-03-04,80,90,72161
837,STU0837,CIVIL,1,5,Female,2022-10-21,71,65,66622
838,STU0838,AIML,3,1,Male,2022-05-16,79,77,86073
839,STU0839,IT,4,6,Male,2023-09-11,51,97,69809
840,STU0840,ECE,1,6,Male,2022-09-25,90,75,113559
841,STU0841,AIML,4,7,Female,2024-09-17,49,98,70204
842,STU0842,ECE,3,1,Female,2022-09-01,82,88,71926
843,STU0843,ECE,4,7,Female,2024-02-13,92,67,56884
844,STU0844,MECH,4,8,Female,2022-11-05,70,94,80626
845,STU0845,EEE,4,7,Female,2022-05-29,73,87,51554
846,STU0846,CIVIL,3,7,Female,2024-09-11,73,62,62761
847,STU0847,EEE,4,8,Male,2022-12-10,57,77,62881
848,STU0848,CIVIL,3,3,Female,2024-01-22,83,97,75549
849,STU0849,CSE,4,2,Male,2023-07-15,40,60,58906
850,STU0850,IT,3,5,Male,2023-12-03,68,82,78759
851,STU0851,CSE,2,2,Male,2022-02-04,41,99,62050
852,STU0852,MECH,2,2,Male,2022-03-30,94,98,67027
853,STU0853,IT,4,5,Female,2022-09-17,58,89,59924
854,STU0854,ECE,1,5,Male,2023-12-10,97,80,83729
855,STU0855,EEE,3,3,Female,2023-01-27,64,81,57872
856,STU0856,ECE,4,2,Male,2022-03-13,71,72,101463
857,STU0857,CIVIL,1,8,Female,2023-07-08,89,87,78624
858,STU0858,CIVIL,3,8,Male,2022-04-16,42,64,59229
859,STU0859,CSE,4,5,Male,2024-07-07,71,69,50113
860,STU0860,CIVIL,4,8,Female,2023-12-18,61,85,50485
861,STU0861,CSE,4,8,Male,2023-02-18,94,64,79602
862,STU0862,IT,3,7,Male,2023-08-04,74,82,93704
863,STU0863,CIVIL,3,2,Female,2023-10-10,81,65,97887
864,STU0864,ECE,1,7,Male,2024-02-18,89,78,76623
865,STU0865,IT,3,8,Male,2022-11-03,84,84,63994
866,STU0866,ECE,1,4,Male,2024-06-25,80,88,74833
867,STU0867,MECH,1,5,Female,2024-01-08,77,75,114124
868,STU0868,CSE,3,1,Female,2023-07-01,93,88,52151
869,STU0869,CSE,2,8,Male,2024-03-17,86,62,103150
870,STU0870,CSE,2,8,Male,2024-01-29,77,74,59441
871,STU0871,ECE,2,1,Male,2023-04-28,98,99,56003
872,STU0872,MECH,2,2,Male,2023-10-10,43,79,62752
873,STU0873,CSE,2,7,Female,2022-04-27,71,98,78910
874,STU0874,CSE,2,6,Male,2024-04-10,93,85,92498
875,STU0875,EEE,1,2,Female,2024-02-22,42,97,72734
876,STU0876,IT,3,3,Female,2022-05-25,88,86,72026
877,STU0877,ECE,1,7,Male,2022-09-07,99,97,55334
878,STU0878,CSE,1,3,Male,2022-01-17,96,91,60580
879,STU0879,MECH,4,3,Male,2023-12-25,81,97,87189
880,STU0880,MECH,4,4,Male,2022-05-27,80,77,118562
881,STU0881,IT,4,2,Female,2023-09-18,84,62,73593
882,STU0882,ECE,1,2,Female,2022-12-23,66,60,80885
883,STU0883,ECE,4,4,Female,2024-06-02,88,94,116524
884,STU0884,IT,4,8,Male,2022-02-24,52,67,69558
885,STU0885,IT,3,5,Male,2022-06-13,82,62,57081
886,STU0886,CSE,1,1,Male,2023-03-22,56,81,109394
887,STU0887,CIVIL,1,2,Male,2022-06-11,90,61,113577
888,STU0888,MECH,2,6,Male,2024-01-09,68,97,92725
889,STU0889,CSE,2,7,Male,2024-03-08,47,80,79855
890,STU0890,MECH,4,1,Female,2023-01-20,97,74,59637
891,STU0891,ECE,4,6,Male,2022-05-29,53,99,109636
892,STU0892,EEE,2,6,Male,2023-04-14,86,72,97001
893,STU0893,EEE,2,2,Female,2022-02-02,84,96,57818
894,STU0894,ECE,3,3,Male,2023-04-15,66,70,95033
895,STU0895,MECH,4,4,Female,2023-08-15,75,74,61334
896,STU0896,IT,4,4,Male,2024-05-07,69,77,51901
897,STU0897,CIVIL,2,1,Female,2022-12-02,67,97,79151
898,STU0898,CSE,4,7,Female,2022-02-15,42,90,116088
899,STU0899,MECH,2,2,Male,2024-04-09,91,66,109302
900,STU0900,ECE,3,5,Male,2023-12-11,86,86,78574
901,STU0901,IT,3,3,Female,2023-10-26,45,61,112886
902,STU0902,MECH,4,3,Female,2024-05-28,76,97,53199
903,STU0903,IT,1,2,Female,2022-07-09,90,83,110856
904,STU0904,CSE,3,7,Female,2024-07-03,84,81,119588
905,STU0905,AIML,1,6,Male,2023-12-16,100,99,77151
906,STU0906,CSE,4,6,Female,2023-06-12,100,83,56758
907,STU0907,ECE,1,4,Male,2023-09-26,42,83,98029
908,STU0908,IT,4,4,Male,2022-12-09,55,94,64884
909,STU0909,IT,4,5,Male,2022-11-25,62,77,116003
910,STU0910,MECH,1,8,Female,2022-03-06,63,82,109298
911,STU0911,ECE,4,2,Male,2023-04-08,79,83,58601
912,STU0912,CSE,1,3,Female,2023-02-05,97,71,87797
913,STU0913,ECE,2,1,Female,2022-04-25,84,69,115054
914,STU0914,MECH,3,7,Female,2023-03-03,83,94,67305
915,STU0915,ECE,1,1,Male,2024-01-26,81,61,88209
916,STU0916,MECH,3,6,Female,2024-05-04,100,93,94024
917,STU0917,MECH,3,3,Female,2023-08-31,82,93,108360
918,STU0918,MECH,3,5,Male,2022-06-25,90,76,79724
919,STU0919,ECE,2,5,Male,2022-06-01,62,78,109759
920,STU0920,ECE,1,1,Female,2024-09-23,51,69,71135
921,STU0921,EEE,2,4,Male,2023-08-12,48,88,84132
922,STU0922,EEE,4,3,Female,2023-11-13,60,82,69391
923,STU0923,MECH,2,8,Female,2022-05-05,98,61,103026
924,STU0924,EEE,3,8,Female,2022-06-09,40,94,116507
925,STU0925,AIML,4,6,Male,2024-09-19,100,96,69278
926,STU0926,IT,1,5,Male,2024-01-20,70,62,68274
927,STU0927,EEE,1,6,Male,2023-02-16,79,74,108454
928,STU0928,ECE,3,4,Male,2023-09-15,81,72,119000
929,STU0929,CIVIL,4,4,Female,2022-03-27,74,88,61452
930,STU0930,CSE,3,7,Male,2022-11-22,78,98,117050
931,STU0931,MECH,3,1,Female,2024-01-04,94,87,98448
932,STU0932,AIML,1,4,Female,2022-12-20,62,79,108402
933,STU0933,ECE,4,7,Male,2024-01-30,66,88,87831
934,STU0934,ECE,2,5,Female,2024-05-05,77,98,61282
935,STU0935,CIVIL,4,2,Male,2024-06-07,73,81,58665
936,STU0936,ECE,4,3,Male,2023-02-24,80,77,104331
937,STU0937,CIVIL,4,1,Female,2022-07-10,93,84,87940
938,STU0938,CIVIL,4,4,Male,2024-05-04,77,79,114762
939,STU0939,EEE,4,2,Female,2024-03-21,40,69,84429
940,STU0940,CSE,1,5,Female,2023-03-04,51,91,82079
941,STU0941,CIVIL,4,7,Female,2024-09-20,44,98,97416
942,STU0942,EEE,1,5,Male,2023-10-06,83,90,65674
943,STU0943,MECH,2,6,Male,2023-08-19,43,69,91901
944,STU0944,IT,3,1,Female,2022-02-24,57,83,104986
945,STU0945,CIVIL,2,3,Male,2022-10-26,73,100,60069
946,STU0946,AIML,3,5,Female,2023-09-06,88,70,92284
947,STU0947,CIVIL,3,3,Male,2023-12-03,84,83,62561
948,STU0948,AIML,4,7,Female,2022-05-21,73,78,98891
949,STU0949,ECE,2,4,Male,2024-08-01,98,70,63424
950,STU0950,AIML,1,7,Female,2024-03-25,97,95,118898
951,STU0951,CSE,4,6,Female,2024-07-27,44,67,67200
952,STU0952,CIVIL,3,3,Female,2023-12-09,63,68,107925
953,STU0953,ECE,2,4,Female,2022-01-30,87,67,79144
954,STU0954,MECH,1,2,Male,2022-05-09,53,68,60302
955,STU0955,ECE,1,1,Male,2024-03-04,70,87,55572
956,STU0956,CSE,3,1,Male,2023-04-26,47,76,55672
957,STU0957,CIVIL,2,3,Female,2024-03-12,47,98,76922
958,STU0958,CIVIL,3,6,Male,2022-01-30,45,69,86356
959,STU0959,CIVIL,1,2,Male,2024-05-25,72,99,81696
960,STU0960,ECE,1,2,Male,2023-06-26,53,72,86943
961,STU0961,IT,2,8,Male,2024-07-31,72,90,98033
962,STU0962,MECH,2,4,Female,2022-07-05,93,82,99756
963,STU0963,MECH,1,3,Female,2022-04-26,88,80,66202
964,STU0964,CSE,3,8,Male,2024-02-20,63,78,55322
965,STU0965,IT,4,4,Female,2023-01-30,58,89,90895
966,STU0966,AIML,1,8,Female,2022-10-25,94,87,74744
967,STU0967,MECH,4,2,Male,2022-07-03,40,91,63785
968,STU0968,IT,2,2,Female,2022-05-27,65,85,63332
969,STU0969,CIVIL,4,2,Male,2024-09-25,52,81,76248
970,STU0970,AIML,3,7,Female,2024-05-08,67,91,86505
971,STU0971,MECH,3,3,Female,2023-05-03,82,98,103011
972,STU0972,MECH,2,3,Male,2022-04-21,47,76,114138
973,STU0973,MECH,1,3,Female,2022-04-12,87,63,58942
974,STU0974,EEE,1,2,Female,2023-09-12,83,80,70019
975,STU0975,IT,4,8,Female,2024-03-22,69,72,88477
976,STU0976,AIML,1,7,Male,2023-07-10,61,94,52316
977,STU0977,MECH,4,1,Male,2023-01-28,68,80,99327
978,STU0978,MECH,4,3,Female,2022-07-01,75,79,71514
979,STU0979,CIVIL,4,8,Female,2024-01-03,64,91,64336
980,STU0980,CSE,4,5,Female,2023-07-30,94,70,116412
981,STU0981,AIML,3,6,Male,2023-08-29,64,99,96237
982,STU0982,AIML,3,6,Male,2022-01-29,77,62,66803
983,STU0983,MECH,1,7,Female,2024-02-23,97,100,94729
984,STU0984,IT,2,4,Male,2023-01-01,66,82,57398
985,STU0985,IT,1,5,Male,2023-10-26,59,97,61133
986,STU0986,CSE,4,7,Female,2022-12-12,50,61,92744
987,STU0987,EEE,4,7,Female,2022-10-01,41,90,52914
988,STU0988,IT,2,6,Female,2023-08-10,46,91,63114
989,STU0989,CIVIL,3,6,Female,2023-05-30,91,81,71840
990,STU0990,AIML,2,5,Female,2022-07-26,71,100,59872
991,STU0991,AIML,2,2,Male,2022-02-18,59,96,102694
992,STU0992,CIVIL,4,7,Male,2023-08-30,61,77,58817
993,STU0993,CIVIL,3,7,Female,2022-12-22,90,64,89563
994,STU0994,CIVIL,4,3,Male,2022-07-24,66,85,82933
995,STU0995,CIVIL,4,4,Female,2023-10-05,85,93,74450
996,STU0996,AIML,4,1,Male,2022-10-02,99,100,119824
997,STU0997,ECE,3,7,Female,2023-01-09,69,69,81506
998,STU0998,AIML,4,5,Female,2022-11-23,95,64,76680
999,STU0999,MECH,2,2,Male,2023-10-24,50,76,80950
1000,STU1000,MECH,4,7,Female,2022-07-16,41,75,90703
